apachename,project,role,githubname
adoroszlai,ozone,pmc,adoroszlai
aengineer,ozone,pmc,anuengineer
arp,ozone,pmc,arp7
avijayan,ozone,pmc,avijayanhwx
ayushsaxena,ozone,committer,ayushtkn
bharat,ozone,pmc,bharatviswa504
bibinchundatt,ozone,committer,bibinchundatt
captainzmc,ozone,committer,captainzmc
dineshc,ozone,pmc,dineshchitlangia
elek,ozone,pmc,elek
erose,ozone,committer,
ferhui,ozone,committer,ferhui
hanishakoneru,ozone,pmc,hanishakoneru
hemanthboyina,ozone,committer,hemanthboyina
hexiaoqiao,ozone,committer,Hexiaoqiao
iamabug,ozone,committer,
iwasakims,ozone,committer,iwasakims
jitendra,ozone,pmc,jnp
junping_du,ozone,pmc,
licheng,ozone,pmc,timmylicheng
ljain,ozone,pmc,lokeshj1703
maobaolong,ozone,committer,maobaolong
msingh,ozone,pmc,mukul1987
nanda,ozone,pmc,nandakumar131
neoyang,ozone,committer,cku328
nilotpalnandi,ozone,committer,
pifta,ozone,committer,fapifta
prabhujoseph,ozone,committer,
prashantpogde,ozone,committer,prashantpogde
rakeshr,ozone,pmc,rakeshadr
runzhiwang,ozone,committer,runzhiwang
sammichen,ozone,pmc,ChenSammi
shashikant,ozone,pmc,bshashikant
siyao,ozone,pmc,smengcl
sodonnell,ozone,pmc,sodonnel
sunlisheng,ozone,committer,
surendralilhore,ozone,committer,surendralilhore
swagle,ozone,pmc,swagle
szetszwo,ozone,pmc,szetszwo
umamahesh,ozone,pmc,umamaheswararao
vinayakumarb,ozone,committer,vinayakumarb
vivekratnavel,ozone,pmc,vivekratnavel
weichiu,ozone,committer,jojochuang
wwei,ozone,committer,yangwwei
xyao,ozone,pmc,xiaoyuyao
yisheng,ozone,committer,cxorm
yqlin,ozone,pmc,linyiqun
